{"cameraMode":{"drawMode":0,"name":"Shaded","section":"Shading Mode"},"sceneLighting":false,"audioPlay":false,"sceneViewState":{"m_AlwaysRefresh":false,"showFog":true,"showSkybox":false,"showFlares":true,"showImageEffects":true,"showParticleSystems":true,"showVisualEffectGraphs":true,"m_FxEnabled":true},"in2DMode":false,"pivot":{"x":-2.9842188358306886,"y":0.13785314559936524,"z":-1.5091361999511719},"rotation":{"x":-0.10089240968227387,"y":-0.6866316795349121,"z":0.09698809683322907,"w":-0.7135114669799805},"size":0.1948535144329071,"orthographic":false}