{"cameraMode":{"drawMode":0,"name":"Shaded","section":"Shading Mode"},"sceneLighting":false,"audioPlay":false,"sceneViewState":{"m_AlwaysRefresh":false,"showFog":true,"showSkybox":false,"showFlares":true,"showImageEffects":true,"showParticleSystems":true,"showVisualEffectGraphs":true,"m_FxEnabled":true},"in2DMode":false,"pivot":{"x":-2.9842188358306886,"y":0.10282287746667862,"z":-1.5387887954711915},"rotation":{"x":0.5232412815093994,"y":0.022025031968951227,"z":-0.01343127153813839,"w":0.851893961429596},"size":0.19485342502593995,"orthographic":false}