{"cameraMode":{"drawMode":0,"name":"Shaded","section":"Shading Mode"},"sceneLighting":false,"audioPlay":false,"sceneViewState":{"m_AlwaysRefresh":false,"showFog":true,"showSkybox":false,"showFlares":true,"showImageEffects":true,"showParticleSystems":true,"showVisualEffectGraphs":true,"m_FxEnabled":true},"in2DMode":false,"pivot":{"x":-0.04193714261054993,"y":0.26531457901000979,"z":-0.03886166214942932},"rotation":{"x":-0.0035925302654504778,"y":-0.9957461357116699,"z":0.08083032816648483,"w":-0.044243983924388888},"size":0.7783865928649902,"orthographic":false}